{
  "train_loss": [
    1.1753089725971222,
    1.018780305981636,
    0.9467711746692657,
    0.8652580380439758,
    0.7743242383003235,
    0.7143252193927765,
    0.6453259736299515,
    0.5590681880712509,
    0.5808650255203247,
    0.4822809249162674,
    0.47692134231328964,
    0.4859289675951004,
    0.4376677945256233,
    0.41011740267276764,
    0.3472320884466171,
    0.3690127730369568,
    0.35884595662355423,
    0.35660742968320847,
    0.3620024397969246,
    0.3504057601094246,
    0.3422100394964218,
    0.3357498124241829,
    0.3772115409374237,
    0.33599212020635605,
    0.3748692125082016,
    0.3302600085735321,
    0.33252348005771637,
    0.33423665165901184,
    0.36634741723537445,
    0.3550184294581413
  ],
  "train_acc": [
    0.25,
    0.53125,
    0.625,
    0.71875,
    0.765625,
    0.84375,
    0.828125,
    0.90625,
    0.921875,
    0.90625,
    0.9375,
    0.921875,
    0.96875,
    0.96875,
    1.0,
    0.984375,
    1.0,
    1.0,
    0.96875,
    0.984375,
    1.0,
    0.984375,
    1.0,
    1.0,
    0.96875,
    1.0,
    1.0,
    1.0,
    0.96875,
    0.984375
  ],
  "val_loss": [
    1.0758684339194462,
    1.0327503845609467,
    0.9724897433971537,
    0.9283538604604786,
    0.8804801949139299,
    0.8422066877628195,
    0.7631334539117485,
    0.7141040049750229,
    0.661799274641892,
    0.6374046586710831,
    0.5984997687668636,
    0.5827119740946539,
    0.5479857294723905,
    0.5110424325383943,
    0.5043333799674593,
    0.4921222925186157,
    0.48833118327732744,
    0.49279144303552036,
    0.4874468178584658,
    0.48065066029285564,
    0.4761749444336727,
    0.47029346947012274,
    0.46571716871754876,
    0.46799155042089263,
    0.4697323903955262,
    0.4706452427239254,
    0.47635683931153394,
    0.4802437260233123,
    0.4794379483009207,
    0.48489654064178467
  ],
  "val_acc": [
    0.41379310344827586,
    0.46551724137931033,
    0.5344827586206896,
    0.5689655172413793,
    0.6724137931034483,
    0.6724137931034483,
    0.7931034482758621,
    0.7586206896551724,
    0.7586206896551724,
    0.7413793103448276,
    0.8103448275862069,
    0.8275862068965517,
    0.8793103448275862,
    0.8448275862068966,
    0.8793103448275862,
    0.9310344827586207,
    0.9137931034482759,
    0.9137931034482759,
    0.9137931034482759,
    0.896551724137931,
    0.8793103448275862,
    0.9137931034482759,
    0.896551724137931,
    0.9137931034482759,
    0.9137931034482759,
    0.896551724137931,
    0.9137931034482759,
    0.9137931034482759,
    0.9137931034482759,
    0.896551724137931
  ]
}